INSERT INTO country (id, name) VALUES('1', 'Croatia');
INSERT INTO country (id, name) VALUES('2', 'Germany');
INSERT INTO country (id, name) VALUES('3', 'Ireland');
INSERT INTO country (id, name) VALUES('4', 'Poland');
INSERT INTO country (id, name) VALUES('5', 'Romania');


INSERT INTO city (id, name, zipCode, countryId) VALUES('1', 'Zagreb', '10000', '1');
INSERT INTO city (id, name, zipCode, countryId) VALUES('2', 'Split', '11000', '1');
INSERT INTO city (id, name, zipCode, countryId) VALUES('3', 'Rijeka', '12000', '1');
INSERT INTO city (id, name, zipCode, countryId) VALUES('4', 'Osijek', '13000', '1');
INSERT INTO city (id, name, zipCode, countryId) VALUES('5', 'Zadar', '14000', '1');

INSERT INTO city (id, name, zipCode, countryId) VALUES('6', 'Berlin', '15000', '2');
INSERT INTO city (id, name, zipCode, countryId) VALUES('7', 'Munich', '16000', '2');
INSERT INTO city (id, name, zipCode, countryId) VALUES('8', 'Frankfurt', '17000', '2');
INSERT INTO city (id, name, zipCode, countryId) VALUES('9', 'Cologne', '18000', '2');

INSERT INTO city (id, name, zipCode, countryId) VALUES('10', 'Dublin', '19000', '3');
INSERT INTO city (id, name, zipCode, countryId) VALUES('11', 'Cork', '20000', '3');
INSERT INTO city (id, name, zipCode, countryId) VALUES('12', 'Limerick', '21000', '3');

INSERT INTO city (id, name, zipCode, countryId) VALUES('13', 'Warsaw', '22000', '4');
INSERT INTO city (id, name, zipCode, countryId) VALUES('14', 'Krakow', '23000', '4');
INSERT INTO city (id, name, zipCode, countryId) VALUES('15', 'Poznan', '24000', '4');

INSERT INTO city (id, name, zipCode, countryId) VALUES('16', 'Bucharest', '25000', '5');
INSERT INTO city (id, name, zipCode, countryId) VALUES('17', 'Cluj-Napoca', '26000', '5');
INSERT INTO city (id, name, zipCode, countryId) VALUES('18', 'Timisoara', '27000', '5');

INSERT INTO sex (id, name) VALUES('1', 'Male');
INSERT INTO sex (id, name) VALUES('2', 'Female');


	